,No,Yes,Difference (Yes - No)
Age,49.38043887147335,48.95991983967936,-0.42051903179399375
Blood Pressure,149.8797745773325,149.2695390781563,-0.6102354991762127
Cholesterol Level,225.36652037617554,225.66165413533835,0.29513375916280893
BMI,29.01511553644097,29.32550919815127,0.31039366171030025
Sleep Hours,6.994679778487564,6.977953270406473,-0.016726508081091218
Triglyceride Level,250.60746492985973,251.24371859296483,0.6362536631050943
Fasting Blood Sugar,120.16869129618034,120.03612644254892,-0.1325648536314219
CRP Level,7.485251595835773,7.419904862471766,-0.06534673336400676
Homocysteine Level,12.438315343645195,12.52800316860738,0.0896878249621853
